{
  "version": 1,
  "author": "chandeepa janith",
  "editor": "wokwi",
  "parts": [
    { "type": "wokwi-arduino-uno", "id": "uno", "top": 0, "left": 0, "attrs": {} },
    { "type": "wokwi-led", "id": "led1", "top": -90, "left": 109.4, "attrs": { "color": "red" } },
    {
      "type": "wokwi-resistor",
      "id": "r1",
      "top": -53.65,
      "left": 144,
      "attrs": { "value": "220" }
    }
  ],
  "connections": [
    [ "uno:GND.1", "led1:C", "black", [ "v-57", "h-0.3" ] ],
    [ "led1:A", "r1:1", "green", [ "v0" ] ],
    [ "r1:2", "uno:11", "green", [ "v38.4", "h-58.8" ] ]
  ],
  "dependencies": {}
}